Date,WPM,Accuracy
2024-09-01,75,95
2024-09-02,78,93
2024-09-03,80,97
2024-09-04,70,92
2024-09-05,65,90
2024-09-06,85,94
2024-09-07,88,96
2024-09-08,90,98
2024-09-09,72,91
2024-09-10,78,94
2024-09-11,76,92
2024-09-12,82,96
2024-09-13,81,95
2024-09-14,87,97
2024-09-15,79,93
2024-09-16,70,90
2024-09-17,68,89
2024-09-18,84,95
2024-09-19,83,94
2024-09-20,77,92
2024-09-21,82,96
2024-09-22,88,98
2024-09-23,85,97
2024-09-24,90,99
2024-09-25,91,95
2024-09-26,93,96
2024-09-27,95,97
2024-09-28,97,98
2024-09-29,90,94
2024-09-30,85,93
